Group 1,Group 2,Group 3,Group 4,Group 5,Group 6,Group 7,Group 8,Group 9,Group 10,Group 11,Group 12,Group 13,Group 14,Group 15,Group 16,Group 17,Group 18,Group 19,Group 20,Group 21,Group 22,Group 23,Group 24,Group 25,Group 26,Group 27,Group 28,Group 29,Group 30
abound,adulterate,abate,abstain,aloof,admonish,appease,accentuate,boorish,acumen,abhor,acrimonious ,affinity,acquiesce,alienate,antedate,acclaim,abet,acolyte,abreast,abject,cumbersome,intermittent,exorcise,bereft,lugubrious,bombastic,hysterical,propitious,slovenly
amorphous,advocate,abjure,approbation,clangor,aesthetic,arbitrary,conjectural,brook,antithesis,boisterous,belligerent,altruistic,adroit,apathy,banish,ascertain,accessible,anoint,confound,amicable,unprecedented,profound,finicky,frailty,transcend,lambaste,endemic,ominous,factious
austere,aggrandize,anomalous,cherish,conventional,affectation,archaic,convivial,circumspect,ascribe,chivalrous,beneficent,baroque,amend,apropos,bridle,assertive,acquisitive,base,digression,animosity ,stinting,propagate,assail,disentangle,flustered,undercut,disdain,detente,spurn
belie,alacrity,antipathy ,corroborate,debunk,alleviate,clamorous,decadent,comity,befuddled,churlish,canny,byzantine,animus,apt,comply,bogus,amalgamate,coercion ,discrepancy,aver,extrapolate,allusive,contravene,pomposity,incidental,euphemism,quash,outlandish,callow
capricious,ambivalent,arcane,disparate,diminutive,analogous,dearth,egregious,commensurate,eschew,clandestine,cavalier,compromise,apologist,cloak,crestfallen,cataclysmic ,attenuate,coin,duplicitous,barrage,liability,glib,reiterate,delineate,axiomatic,turpitude,august,abscond,flagrant
cerebral,ameliorate,arduous,emulate,discernible,bolster,explicable,evanescent,cordial,esoteric,complacent,distressed ,conciliatory,astringent,consensus,curtail,circumscribe,augment,cunning,expedient,cathartic,euphoric,curb,poignant,conclusive,macabre,peccadillo,quibble,imbroglio,remuneration
congenial,amenable,artless,enervate,enigmatic,chauvinistic,hyperbole,flamboyant,deleterious,evasive,cumbersome,dwindling,countenance,collaborate,distort,elucidate,complementary,aversion,discomfit,fabricate,decipher,elementary,lull,inundate,vitality,gullible,antagonize,recant,languish,bravado
conspicuous,anachronistic,ascetic,ephemeral,estranged,connoisseur,immutable,forestall,dichotomy,exculpate,debilitating,eclipse,covert,competent,divergent,evade,contentious,blithe,dissent,glum,delusion,heterodox,mettlesome,oblivious,steadfast,ingrained,barren,inchoate,nimble,obstreperous
cursory,audacious,assuage ,fervid,extravagant,dissemble ,indefatigable,gainsay,edify,expedite,deliberate,encyclopedic ,credible,correlate,elated,feckless,disingenuous,contempt,distill,harbinger,dispense,fervent,astute,ironclad,archetype,tacit,philistine,abeyance,prurient,temerity
daunting,avaricious,betray,garrulous,fanciful,dogged,indolent,galvanize,elicit,fastidious,droll,exacerbate,diffuse,deride,enchant,fester,divulge,dawdle,dubious,intrinsic,eloquent,gaffe,fawn,plaintive,relent,exorbitant,relegate,redoubtable,bawdy,odious
deify,banal,bucolic ,incendiary,frivolous,dupe,insular,indiscriminate,erudite,feign,eccentric,exasperated,documentary,dictate,entrenched,iconoclastic,dogmatic,deflect,ebullient,largesse,enthrall,temper,precipitous,surmount,grievance,serene,dirge,coy,croon,deportment
didactic,benign,burgeon,inimical,heterogeneous,empirical,intransigent,innocuous,fecund,furtive,fractious,fungible,exhaustive,discreet,exotic,immure,fallacious,discount,facetious,libertine,eradicate,painstaking,repercussion,escalate,harangue,treatise,imperturbable,disperse,aspersion,precocious
disseminate,brazen,cacophonous ,intimate ,imperious,engender,intrepid,momentary,feeble,hamper,limpid,hackneyed,exhilarating,divorced,exploitative,improvise,foolhardy,dissident,fallible,malfeasance,fledgling,economy,regress,denounce,auspicious,corporeal,excoriate,shrill,nadir,abide
feasible,calumny,canonize,invigorate,impertinent,entitled,irreverent,mundane,felicitous,indispensable,mawkish,incongruous,extraneous,elitist,foreseeable,inhibit,hinder,efficacious,florid,manifest,fortitude,qualm,refute,foil,yield,figurative,curmudgeon,impudent,dowdy,verve
flout,candid,censure,mitigate,invasive,pertinacious,loathe,nettlesome,forbear,lament,obeisance,interchangeable,fervor,exacting,forsake,inscrutable,impair,equitable,gawky,minute,fortuitous ,exonerate,replenish,deviate,appropriate,morose,swindle,burnish,sadistic,intrigue
homogeneous,castigate,chicanery ,obsolete,irresolute,presumptuous,malign,nullify,haphazard,myopic,ostentatious,laconic,futile,flummoxed,gratify,lionize,impugn,erratic,inveigle,modish,goad,implicit,evoke,buoyant,rhetoric,fickle,wheedle,wily,echelon,aberrant
humdrum,caustic,coalesce,opaque,laudable,probity,malleable,obviate,hodgepodge,nonchalant,panacea,lucrative,illusory,fruitful,heed,monotonous,incessant,industrious,jettison,nascent,imminent,phlegmatic,ire,benevolent,conspire,ramification,sentimental,quandary,depose,fallow
insipid,construe,cogent,paradigmatic,lax,proliferate,neophyte,omnipresent,impede,partial,perfunctory,magisterial,invidious,inborn,judicious,peculiar,inclined,inform,mendacity,perennial,incontrovertible,propensity,languid,intertwined,whimsical,eclectic,miscreant,enmity,apogee,tenuous
loquacious,contrite,compelling,pedantic,marginalize,specious,plastic,oust,impetuous,pensive,perilous,onerous,lethargic,polymath,lucid,premeditate,inveterate,irksome,munificent,pious ,itinerant,foment,mollify,berate,proxy,apprehension,implacable,substantiate,ennui,obdurate
misanthropic,convoluted,contend,placid,panache,spurious,platitude,palpable,irascible,portend,pervasive ,opprobrium,metaphorical,reticent,pertinent,profligate,miserly,manacle,naive,providential,magnanimous,embellish,pretentious,quiescent,sparse,idiosyncratic,haughty,agitate,collude,gratuitous
misnomer,covet,copious ,polemical,plodding,subjective,prescient,perfidy,mercenary,provincial,preclude,parsimonious,mimic,stringent,propriety,reconcile,patent,modest,noble,prowess,meritorious ,inviolate,duress,mercurial,adverse,insolent,estimable,abstract,convinction,indecorous
negligent,craven,cosmopolitan,precipitate,prosaic,subvert,pristine,profuse,meticulous,rudimentary,predilection ,peripheral,numinous,subservient,scintillating,refine,petulant,noxious,parochial,schism,mutiny ,renege,vigilant,despotic,exhort,ardent,tangible,retiring,conflagration,soliloquy
obsequious,decorum,deference,profundity,remedial,timorous,reproach,pugnacious,mordant,salutary,rapacious,provocative,obscure,surreptitious,sensational,relinquish,pithy,pernicious,pedestrian,slander,paradoxical,arresting,headstrong,perpetrate,poise,doctrinaire,chary,quarantine,chagrin,stolid
placate,deft,desultory ,prophetic,restive,tortuous,robust,sagacious,outstrip,sever,relish,renounce,overt,tantalizing,sophisticated,ruminate,pliant,predicament,prevaricate,stalwart,perseverance,obstinate,convalescent,subsume,adept,officious,repugnant,distend,contretemps,capitulate
proclivity,demur,diffident,prudent,sporadic,tractable,salubrious,sanguine,precarious,slight,satirical,tempestuous,pellucid,tantamount,strife,skittish,sanctimonious,proficient,prime,supplicate,render,vivacious,nonplussed,subside,tedious,cease,xenophobic,ravage,commiserate,extemporize
puerile,derivative,dilatory ,punctilious,stigmatize,transient,sanction,scant,quirky,somnolent,sham,tenable,perpetuate,torpor,understated,superfluous,sound,prolix,radical,terse,repertoire,histrionic,fret,condone,rigor,lavish,squander,sophistry,zenith,cogitate
quixotic,desiccate,equivocate,recondite,undermine,ubiquitous,sedulous,skullduggery,repudiate,stoic,skirt,transgression,rational,trenchant,unscrupulous,synoptic ,tarnish,scorn,recrudescent,tirade,resilient,prodigious,decry,tangential,articulate,conducive,cajole,penchant,fulcrum,nominal
spendthrift,diatribe,polarize,scrupulous,utterly,underscore,soporific,trivial,tact,supersede,sluggish,urbane,scathing,umbrage,veracity,thorough,tepid,subordinate,temporal,universal,resolute,tentative,recourse,jeopardize,suspect,equanimity,unalloyed,gauche,expatiate,plucky
taciturn,incredulous,prodigal,tranquil,weary,venal,stern,utilitarian,trifling,tout,spartan,verisimilitude,subtle,versatile,virulent,visionary,upbraid,unseemly,transitory,vanquish,supple,falter,commence,disinterested,ploy,supplant,heady,deprecate ,jocund,grovel
wary,ingenuous,verbose,vacillate,zealous,venerate,tendentious,vapid,turbulent,wane,truculent,vitiate,superficial,wayward,volatile,vociferous,vexation,veritable,viable,woeful,valor,chastise,neutralize,buttress,captious,lampoon,exigent,affront,fraught,feint
